<?xml version="1.0" encoding="UTF-8"?>
<prefix name="spodpublic" label="Public Room" language_tag="nl" language_label="Nederlands">
   <key name="add_room">
      <value>Voeg ruimte toe</value>
   </key>
   <key name="add_suggested_dataset">
      <value>Add suggested dataset</value>
   </key>
   <key name="associated_suggested_dataset">
      <value>Associated dataset</value>
   </key>
   <key name="comments_graph">
      <value>Reacties grafiek</value>
   </key>
   <key name="create_new_agora_room">
      <value>Create a new room</value>
   </key>
   <key name="create_new_room">
      <value>creëren &amp;lt;a href="/public-room/#!/{$roomId}"&amp;gt;ruimte{$roomSubject}&amp;lt;/a&amp;gt;</value>
   </key>
   <key name="datalets_graph">
      <value>Datalet grafiek</value>
   </key>
   <key name="graph_panel">
      <value>Grafiek paneel</value>
   </key>
   <key name="main">
      <value>Agora</value>
   </key>
   <key name="new_room_body">
      <value>Body</value>
   </key>
   <key name="new_room_subject">
      <value>Subject</value>
   </key>
   <key name="open_graph_panel">
      <value>Open Grafiek paneel</value>
   </key>
   <key name="opinions_graph">
      <value>Opinie grafiek</value>
   </key>
   <key name="post_comment">
      <value>and other users posted {$post} comments on room &amp;lt;a href="/public-room/#!/{$roomId}"&amp;gt;{$roomSubject}&amp;lt;/a&amp;gt;&amp;lt;!--&amp;lt;i&amp;gt;{$comment}&amp;lt;/i&amp;gt;!--&amp;gt;</value>
   </key>
   <key name="post_comment_datalet">
      <value>and other users posted {$post} datalet on room &amp;lt;a href="/public-room/#!/{$roomId}"&amp;gt;{$roomSubject}&amp;lt;/a&amp;gt;&amp;lt;!--&amp;lt;i&amp;gt;{$comment}&amp;lt;/i&amp;gt;!--&amp;gt;</value>
   </key>
   <key name="room">
      <value>ruimte</value>
   </key>
   <key name="send_button">
      <value>Verzenden</value>
   </key>
   <key name="sentiment">
      <value>Sentiment</value>
   </key>
   <key name="suggested_comment">
      <value>Comment</value>
   </key>
   <key name="suggested_dataset">
      <value>Dataset</value>
   </key>
   <key name="suggestion_comment" />
   <key name="suggestion_dataset" />
   <key name="users_graph">
      <value>Gebruikers grafiek</value>
   </key>
   <key name="notification">
	  <value>Email Notification</value>
   </key>   
     <key name="email_html_description">
      <value>Here's the latest activity on &amp;lt;a href="{$site_url}"&amp;gt; {$site_name}&amp;lt;/a&amp;gt; related to you:</value>
   </key>
   <key name="email_txt_comment">
      <value>has commented in the room</value>
   </key>
   <key name="email_txt_head">
      <value>Dear {$userName},</value>
   </key>
</prefix>