﻿<?xml version="1.0" encoding="UTF-8"?>
<prefix language_label="English" language_tag="en" label="Public Room" name="spodpublic">
   <key name="create_new_room">
      <value>created <a href="/public-room/#!/{$roomId}">room {$roomSubject}</a></value>
   </key>
   <key name="room">
      <value>room</value>
   </key>
   <key name="post_comment_datalet">
      <value>posted in <a href="/public-room/#!/{$roomId}">room : {$roomSubject}</a> datalet</value>
   </key>
   <key name="post_comment">
      <value>posted a comment in room <a href="/public-room/#!/{$roomId}">{$roomSubject}</a> : <i>{$comment}</i></value>
   </key>  
</prefix>
