<?xml version="1.0" encoding="utf-8"?>
<prefix name="spodpublic" label="Public Room" language_tag="en" language_label="English"><key name="add_room"><value>Add room</value></key><key name="comments_graph"><value>Comments Graph</value></key><key name="create_new_room"><value>created &lt;a href="/public-room/#!/{$roomId}"&gt;room {$roomSubject}&lt;/a&gt;</value></key><key name="datalets_graph"><value>Datalets Graph</value></key><key name="graph_panel"><value>Graph Panel</value></key><key name="main"><value>Agora</value></key><key name="new_room_body"><value>Body</value></key><key name="new_room_subject"><value>Subject</value></key><key name="open_graph_panel"><value>Open Graph Panel</value></key><key name="opinions_graph"><value>Opinions Graph</value></key><key name="post_comment"><value>and other users posted {$post} comments on room &lt;a href="/public-room/#!/{$roomId}"&gt;{$roomSubject}&lt;/a&gt;&lt;!--&lt;i&gt;{$comment}&lt;/i&gt;!--&gt;</value></key><key name="post_comment_datalet"><value>and other users posted {$post} datalet on room &lt;a href="/public-room/#!/{$roomId}"&gt;{$roomSubject}&lt;/a&gt;&lt;!--&lt;i&gt;{$comment}&lt;/i&gt;!--&gt;</value></key><key name="room"><value>room</value></key><key name="sentiment"><value>Sentiment</value></key><key name="suggestion_comment"><value>Comment</value></key><key name="suggestion_dataset"><value>Dataset</value></key><key name="users_graph"><value>Users Graph</value></key></prefix>
