<?xml version="1.0" encoding="utf-8"?>
<prefix name="spodpublic" label="Public Room" language_tag="it" language_label="Italiano"><key name="add_room"><value>Aggiungi stanza</value></key><key name="create_new_room"><value>ha creato la &lt;a href="/public-room/#!/{$roomId}"&gt;stanza {$roomSubject}&lt;/a&gt;</value></key><key name="main"><value>Agora</value></key><key name="post_comment"><value>ha aggiunto un commento nella stanza &lt;a href="/public-room/#!/{$roomId}"&gt;{$roomSubject}&lt;/a&gt; : &lt;i&gt;{$comment}&lt;/i&gt;</value></key><key name="post_comment_datalet"><value>ha aggiunto nella  &lt;a href="/public-room/#!/{$roomId}"&gt; stanza: {$roomSubject}&lt;/a&gt;  la datalet</value></key><key name="room"><value>stanza</value></key><key name="sentiment"><value>Sentimento</value></key>

<key name="comments_graph"><value>Grafo dei commenti</value></key>
<key name="datalets_graph"><value>Grafo delle datalets</value></key>
<key name="users_graph"><value>Grafo degli utenti</value></key>
<key name="opinions_graph"><value>Grafo delle opinioni</value></key>
<key name="graph_panel"><value>Pannello dei grafi</value></key>
<key name="open_graph_panel"><value>Apri il pannello dei grafi</value></key>

</prefix>
