<?xml version="1.0" encoding="UTF-8"?>
<prefix name="spodpublic" label="Public Room" language_tag="it" language_label="Italiano">
   <key name="add_room">
      <value>Aggiungi stanza</value>
   </key>
   <key name="add_suggested_dataset">
      <value>Aggiungi un dataset suggerito</value>
   </key>
   <key name="associated_suggested_dataset">
      <value>Dataset suggeriti</value>
   </key>
   <key name="comments_graph">
      <value>Grafo dei commenti</value>
   </key>
   <key name="create_new_agora_room">
      <value>Crea una nuova stanza</value>
   </key>
   <key name="create_new_room">
      <value>ha creato la &amp;lt;a href="/public-room/#!/{$roomId}"&amp;gt;stanza {$roomSubject}&amp;lt;/a&amp;gt;</value>
   </key>
   <key name="datalets_graph">
      <value>Grafo delle datalets</value>
   </key>
   <key name="graph_panel">
      <value>Pannello dei grafi</value>
   </key>
   <key name="main">
      <value>Agora</value>
   </key>
   <key name="new_room_body">
      <value>Corpo</value>
   </key>
   <key name="new_room_subject">
      <value>Soggetto</value>
   </key>
   <key name="open_graph_panel">
      <value>Apri il pannello dei grafi</value>
   </key>
   <key name="opinions_graph">
      <value>Grafo delle opinioni</value>
   </key>
   <key name="post_comment">
      <value>e altri utenti hanno aggiunto {$post} commenti nella stanza &amp;lt;a href="/public-room/#!/{$roomId}"&amp;gt;{$roomSubject}&amp;lt;/a&amp;gt;&amp;lt;!--&amp;lt;i&amp;gt;{$comment}&amp;lt;/i&amp;gt;!--&amp;gt;</value>
   </key>
   <key name="post_comment_datalet">
      <value>e altri utenti hanno aggiunto {$post} datalet nella stanza &amp;lt;a href="/public-room/#!/{$roomId}"&amp;gt;{$roomSubject}&amp;lt;/a&amp;gt;&amp;lt;!--&amp;lt;i&amp;gt;{$comment}&amp;lt;/i&amp;gt;!--&amp;gt;</value>
   </key>
   <key name="room">
      <value>stanza</value>
   </key>
   <key name="send_button">
      <value>Invia</value>
   </key>
   <key name="sentiment">
      <value>Sentimento</value>
   </key>
   <key name="suggested_comment">
      <value>Commento</value>
   </key>
   <key name="suggested_dataset">
      <value>Dataset</value>
   </key>
   <key name="suggestion_comment" />
   <key name="suggestion_dataset" />
   <key name="users_graph">
      <value>Grafo degli utenti</value>
   </key>
      <key name="notification">
	  <value>Email Notification</value>
   </key>
     <key name="email_html_description">
      <value>Here's the latest activity on &amp;lt;a href="{$site_url}"&amp;gt; {$site_name}&amp;lt;/a&amp;gt; related to you:</value>
   </key>
   <key name="email_txt_comment">
      <value>has commented in the room</value>
   </key>
   <key name="email_txt_head">
      <value>Dear {$userName},</value>
   </key>
</prefix>