﻿<?xml version="1.0" encoding="UTF-8"?>
<prefix language_label="Italiano" language_tag="it" label="Public Room" name="spodpublic">
   <key name="create_new_room">
      <value>ha creato la &lt;a href="/public-room/#!/{$roomId}"&gt;stanza {$roomSubject}&lt;/a&gt;</value>
   </key>
   <key name="room">
      <value>stanza</value>
   </key>
   <key name="post_comment_datalet">
      <value>posted in &lt;a href="/public-room/#!/{$roomId}"&gt;room : {$roomSubject}&lt;/a&gt; datalet</value>
   </key>
   <key name="post_comment">
      <value>posted a comment in room &lt;a href="/public-room/#!/{$roomId}"&gt;{$roomSubject}&lt;/a&gt; : &lt;i&gt;{$comment}&lt;/i&gt;</value>
   </key>   
</prefix>
