﻿<?xml version="1.0" encoding="UTF-8"?>
<prefix language_label="Italiano" language_tag="it" label="Public Room" name="spodpublic">
   <key name="create_new_room">
      <value>ha creato la <a href="/public-room/#!/{$roomId}">stanza {$roomSubject}</a></value>
   </key>
   <key name="room">
      <value>stanza</value>
   </key>
   <key name="post_comment_datalet">
      <value>posted in <a href="/public-room/#!/{$roomId}">room : {$roomSubject}</a> datalet</value>
   </key>
   <key name="post_comment">
      <value>posted a comment in room <a href="/public-room/#!/{$roomId}">{$roomSubject}</a> : <i>{$comment}</i></value>
   </key>   
</prefix>
