<?xml version="1.0" encoding="utf-8"?>
<prefix name="spodpublic" label="Public Room" language_tag="fr" language_label="Français">
	<key name="add_room">
		<value>Add room</value>
	</key>
	<key name="comments_graph">
		<value>Commentaire du graphique</value>
	</key>
	<key name="create_new_room">
		<value>created &lt;a href="/public-room/#!/{$roomId}"&gt;room {$roomSubject}&lt;/a&gt;</value>
	</key>
	<key name="datalets_graph">
		<value>Graphique des datalets</value>
	</key>
	<key name="graph_panel">
		<value>Echantillon du graphique</value>
	</key>
	<key name="main">
		<value>Agora</value>
	</key>
	<key name="new_room_body">
		<value>Body</value>
	</key>
	<key name="new_room_subject">
		<value>Subject</value>
	</key>
	<key name="open_graph_panel">
		<value>Echantillon du graphique ouvert</value>
	</key>
	<key name="opinions_graph">
		<value>Graphique de opinion</value>
	</key>
	<key name="post_comment">
		<value>and other users posted {$post} comments on room &lt;a href="/public-room/#!/{$roomId}"&gt;{$roomSubject}&lt;/a&gt;&lt;!--&lt;i&gt;{$comment}&lt;/i&gt;!--&gt;</value>
	</key>
	<key name="post_comment_datalet">
		<value>and other users posted {$post} datalet on room &lt;a href="/public-room/#!/{$roomId}"&gt;{$roomSubject}&lt;/a&gt;&lt;!--&lt;i&gt;{$comment}&lt;/i&gt;!--&gt;</value>
	</key>
	<key name="room">
		<value>room</value>
	</key>
	<key name="sentiment">
		<value>Sentiment</value>
	</key>
	<key name="suggested_comment">
		<value>Comment</value>
	</key>
	<key name="suggested_dataset">
		<value>Dataset</value>
	</key>
	<key name="users_graph">
		<value>Users Graph</value>
	</key>
	<key name="add_suggested_dataset">
		<value>Add suggested dataset</value>
	</key>	
	<key name="associated_suggested_dataset">
		<value>Associated dataset</value>
	</key>
	<key name="create_new_agora_room">
		<value>Create a new room</value>
	</key>
	<key name="send_button">
		<value>Envoyer</value>
	</key>
	<key name="notification">
		<value>Email Notification</value>
	</key>
	<key name="email_txt_head">
	   <value>Dear {$userName},&#13;</value>
	</key>
	<key name="email_html_description">
	   <value>Here's the latest activity on &lt;a href="{$site_url}"&gt; {$site_name}&lt;/a&gt; related to you:</value>
	</key>
	<key name="email_txt_comment">
	   <value>has commented in the room</value>
	</key>
</prefix>