<?xml version="1.0" encoding="utf-8"?>
<prefix name="spodpublic" label="Public Room" language_tag="fr" language_label="Français"><key name="add_room"><value>Add room</value></key><key name="create_new_room"><value>created &lt;a href="/public-room/#!/{$roomId}"&gt;room {$roomSubject}&lt;/a&gt;</value></key><key name="main"><value>Agora</value></key><key name="post_comment"><value>posted a comment in room &lt;a href="/public-room/#!/{$roomId}"&gt;{$roomSubject}&lt;/a&gt; : &lt;i&gt;{$comment}&lt;/i&gt;</value></key><key name="post_comment_datalet"><value>posted in &lt;a href="/public-room/#!/{$roomId}"&gt;room : {$roomSubject}&lt;/a&gt; datalet</value></key><key name="room"><value>room</value></key><key name="sentiment"><value>Sentiment</value></key>

<key name="comments_graph"><value>Commentaire du graphique</value></key>
<key name="datalets_graph"><value>Graphique des datalets</value></key>
<key name="users_graph"><value>Graphique de l'utilisateur</value></key>
<key name="opinions_graph"><value>Graphique de opinion</value></key>
<key name="graph_panel"><value>Echantillon du graphique</value></key>
<key name="open_graph_panel"><value>Echantillon du graphique ouvert</value></key>

</prefix>
