<?xml version="1.0" encoding="UTF-8"?>
<prefix name="spodpublic" label="Public Room" language_tag="fr" language_label="Français">
   <key name="add_room">
      <value>Créer une salle</value>
   </key>
   <key name="add_suggested_dataset">
      <value>Publier le jeu de données suggéré</value>
   </key>
   <key name="associated_suggested_dataset">
      <value>jeu de données associé</value>
   </key>
   <key name="comments_graph">
      <value>Commentaire du graphique</value>
   </key>
   <key name="create_new_agora_room">
      <value>Créer une salle</value>
   </key>
   <key name="create_new_room">
      <value>Créé &amp;lt;a href="/public-room/#!/{$roomId}"&amp;gt;room {$roomSubject}&amp;lt;/a&amp;gt;</value>
   </key>
   <key name="datalets_graph">
      <value>Graphique des datalets</value>
   </key>
   <key name="graph_panel">
      <value>Echantillon du graphique</value>
   </key>
   <key name="main">
      <value>Agora</value>
   </key>
   <key name="new_room_body">
      <value>Description</value>
   </key>
   <key name="new_room_subject">
      <value>Titre</value>
   </key>
   <key name="open_graph_panel">
      <value>Echantillon du graphique ouvert</value>
   </key>
   <key name="opinions_graph">
      <value>Graphique des sentiments</value>
   </key>
   <key name="post_comment">
      <value>et un autre utilisateur a publié {$post} des commentaires dans la salle &amp;lt;a href="/public-room/#!/{$roomId}"&amp;gt;{$roomSubject}&amp;lt;/a&amp;gt;&amp;lt;!--&amp;lt;i&amp;gt;{$comment}&amp;lt;/i&amp;gt;!--&amp;gt;</value>
   </key>
   <key name="post_comment_datalet">
      <value>et un autre utilisateur a publié {$post} un datalet dans la salle &amp;lt;a href="/public-room/#!/{$roomId}"&amp;gt;{$roomSubject}&amp;lt;/a&amp;gt;&amp;lt;!--&amp;lt;i&amp;gt;{$comment}&amp;lt;/i&amp;gt;!--&amp;gt;</value>
   </key>
   <key name="room">
      <value>salle</value>
   </key>
   <key name="send_button">
      <value>Envoyer</value>
   </key>
   <key name="sentiment">
      <value>Sentiment</value>
   </key>
   <key name="suggested_comment">
      <value>Commentaire</value>
   </key>
   <key name="suggested_dataset">
      <value>Jeu de données</value>
   </key>
   <key name="suggestion_comment">
      <value>Commentaire</value>
   </key>
   <key name="suggestion_dataset">
      <value>Jeu de données</value>
   </key>
   <key name="users_graph">
      <value>Graphique des utilisateurs</value>
   </key>
   <key name="notification">
	  <value>Email Notification</value>
   </key>   
     <key name="email_html_description">
      <value>Here's the latest activity on &amp;lt;a href="{$site_url}"&amp;gt; {$site_name}&amp;lt;/a&amp;gt; related to you:</value>
   </key>
   <key name="email_txt_comment">
      <value>has commented in the room</value>
   </key>
   <key name="email_txt_head">
      <value>Dear {$userName},</value>
   </key>
</prefix>